url,date,rawContent,tweetId,username,userId,userDisplayName,userVerified,replyCount,retweetCount,likeCount,quoteCount,conversationId,lang,sourceUrl,sourceLabel,retweetedTweet,quotedTweet,inReplyToTweetId,inReplyToUser,mentionedUsers,coordinates,place,hashtags,cashtags,card,viewCount,vibe,bookmarkCount,pinned,conversationControlPolicy
https://twitter.com/PrimeHydrate/status/1663599167728386081,2023-05-30 17:32:04+00:00,"INTRODUCING ICE POP ENERGY üßä‚ö°Ô∏è Our iconic hydration flavor gets a boost of caffeine with zero sugar and only 10 calories.

Available this week in the USA at Walmart, Kroger, Target, GNC and The Vitamin Shoppe. For ages 18+

(UK coming in two weeks üá¨üáß) https://t.co/FJGZrNsMAu",1663599167728386081,PrimeHydrate,1478477395325816874,DrinkPrime,False,76,128,1952,19,1663599167728386081,en,,,,,,,,,,,,,258757.0,,13,,everyone
https://twitter.com/PrimeHydrate/status/1663169861462159361,2023-05-29 13:06:09+00:00,Due to personal reasons i need PRIME üòè,1663169861462159361,PrimeHydrate,1478477395325816874,DrinkPrime,False,49,45,722,5,1663169861462159361,en,,,,,,,,,,,,,82490.0,,2,,everyone
https://twitter.com/PrimeHydrate/status/1662448044548276227,2023-05-27 13:17:55+00:00,Drinking PRIME on a weekend &gt;&gt;&gt;,1662448044548276227,PrimeHydrate,1478477395325816874,DrinkPrime,False,94,37,632,3,1662448044548276227,en,,,,,,,,,,,,,77789.0,,1,,everyone
https://twitter.com/PrimeHydrate/status/1661756858955362304,2023-05-25 15:31:23+00:00,W student üî•,1661756858955362304,PrimeHydrate,1478477395325816874,DrinkPrime,False,34,25,928,1,1661756858955362304,en,,,,https://twitter.com/erynraeschryver/status/1661739788624609283,,,,,,,,,102264.0,,3,,everyone
https://twitter.com/PrimeHydrate/status/1661031505894711299,2023-05-23 15:29:06+00:00,Tell us you‚Äôre obsessed with PRIME without telling us you‚Äôre obsessed with PRIME üòè,1661031505894711299,PrimeHydrate,1478477395325816874,DrinkPrime,False,401,57,1676,19,1661031505894711299,en,,,,,,,,,,,,,460890.0,,9,,everyone
https://twitter.com/PrimeHydrate/status/1660273858857906177,2023-05-21 13:18:29+00:00,PRIME mode activated ‚úÖ https://t.co/gkN3tARty0,1660273858857906177,PrimeHydrate,1478477395325816874,DrinkPrime,False,35,39,1928,2,1660273858857906177,en,,,,,,,,,,,,,117207.0,,7,,everyone
https://twitter.com/PrimeHydrate/status/1659624225542373376,2023-05-19 18:17:04+00:00,HYDRATION+ POWDER üî• https://t.co/Z5cGedBcXP,1659624225542373376,PrimeHydrate,1478477395325816874,DrinkPrime,False,46,45,1143,4,1659624225542373376,en,,,,,,,,,,,,,129175.0,,7,,everyone
https://twitter.com/PrimeHydrate/status/1658819939631783939,2023-05-17 13:01:07+00:00,Who is ready for the US drop today? üçã,1658819939631783939,PrimeHydrate,1478477395325816874,DrinkPrime,False,97,37,772,6,1658819939631783939,en,,,,,,,,,,,,,93902.0,,2,,everyone
https://twitter.com/PrimeHydrate/status/1658178539001110534,2023-05-15 18:32:25+00:00,"NEW FLAVOR ALERT: LEMONADE¬†üçã¬†

Our newest Hydration and Hydration+ Stick flavor drops 5.17 at 1PM ET. Available only in the U.S. on¬†https://t.co/OKamM7Z7gQ https://t.co/ilfrmaksCF",1658178539001110534,PrimeHydrate,1478477395325816874,DrinkPrime,False,168,268,6922,20,1658178539001110534,en,,,,,,,,,,,,,782465.0,,18,,everyone
https://twitter.com/PrimeHydrate/status/1658096048038977536,2023-05-15 13:04:38+00:00,VAMOS üî•,1658096048038977536,PrimeHydrate,1478477395325816874,DrinkPrime,False,18,7,635,0,1658096048038977536,es,,,,https://twitter.com/giotorra/status/1657505231003869184,,,,,,,,,89713.0,,1,,everyone
https://twitter.com/PrimeHydrate/status/1657384317729873921,2023-05-13 13:56:28+00:00,PRIME TIME üëä,1657384317729873921,PrimeHydrate,1478477395325816874,DrinkPrime,False,48,27,620,1,1657384317729873921,en,,,,,,,,,,,,,63362.0,,0,,everyone
https://twitter.com/PrimeHydrate/status/1656286424595873793,2023-05-10 13:13:50+00:00,Retweet this if you need PRIME rn,1656286424595873793,PrimeHydrate,1478477395325816874,DrinkPrime,False,183,1856,1993,46,1656286424595873793,en,,,,,,,,,,,,,238955.0,,3,,everyone
https://twitter.com/PrimeHydrate/status/1655558326854246403,2023-05-08 13:00:38+00:00,Starting the week right üî•,1655558326854246403,PrimeHydrate,1478477395325816874,DrinkPrime,False,27,13,438,1,1655558326854246403,en,,,,https://twitter.com/KizaTweets/status/1655512297815547905,,,,,,,,,105580.0,,0,,everyone
https://twitter.com/PrimeHydrate/status/1654652623788679174,2023-05-06 01:01:42+00:00,"UFC 288 Giveaway Winners üèÜ

@sizzles210
@rugiants1
@katkrazy80
@amritbanga

Congratulations, you will be messaged soon! üëÄ",1654652623788679174,PrimeHydrate,1478477395325816874,DrinkPrime,False,11,8,199,0,1654652623788679174,en,,,,,,,"[User(username='sizzles210', id=1483670421216145411, displayname='Samz', rawDescription=None, renderedDescription=None, descriptionLinks=None, verified=None, created=None, followersCount=None, friendsCount=None, statusesCount=None, favouritesCount=None, listedCount=None, mediaCount=None, location=None, protected=None, link=None, profileImageUrl=None, profileBannerUrl=None, label=None, blue=None, blueType=None, profileImageShape=None), User(username='RUGiants1', id=1531302702948487168, displayname='RUMETS22', rawDescription=None, renderedDescription=None, descriptionLinks=None, verified=None, created=None, followersCount=None, friendsCount=None, statusesCount=None, favouritesCount=None, listedCount=None, mediaCount=None, location=None, protected=None, link=None, profileImageUrl=None, profileBannerUrl=None, label=None, blue=None, blueType=None, profileImageShape=None), User(username='KatKrazy80', id=1382840712, displayname='Kat', rawDescription=None, renderedDescription=None, descriptionLinks=None, verified=None, created=None, followersCount=None, friendsCount=None, statusesCount=None, favouritesCount=None, listedCount=None, mediaCount=None, location=None, protected=None, link=None, profileImageUrl=None, profileBannerUrl=None, label=None, blue=None, blueType=None, profileImageShape=None), User(username='AmritBanga', id=941875885, displayname='amrit', rawDescription=None, renderedDescription=None, descriptionLinks=None, verified=None, created=None, followersCount=None, friendsCount=None, statusesCount=None, favouritesCount=None, listedCount=None, mediaCount=None, location=None, protected=None, link=None, profileImageUrl=None, profileBannerUrl=None, label=None, blue=None, blueType=None, profileImageShape=None)]",,,,,,54753.0,,3,,everyone
https://twitter.com/PrimeHydrate/status/1654556164598685696,2023-05-05 18:38:24+00:00,"UFC 288 (New Jersey) Ticket Giveawayüëä

We are giving 4 lucky people - 2 tickets each to attend UFC 288!

To Enter: 
‚Ä¢Must be 18+ 
‚Ä¢Like &amp; Retweet
‚Ä¢Follow @primehydrate 
‚Ä¢Tag the person you wanna go with

Winners will be announced 9PM ET",1654556164598685696,PrimeHydrate,1478477395325816874,DrinkPrime,False,470,574,1281,12,1654556164598685696,en,,,,,,,"[User(username='PrimeHydrate', id=1478477395325816874, displayname='DrinkPrime', rawDescription=None, renderedDescription=None, descriptionLinks=None, verified=None, created=None, followersCount=None, friendsCount=None, statusesCount=None, favouritesCount=None, listedCount=None, mediaCount=None, location=None, protected=None, link=None, profileImageUrl=None, profileBannerUrl=None, label=None, blue=None, blueType=None, profileImageShape=None)]",,,,,,299302.0,,3,,everyone
https://twitter.com/PrimeHydrate/status/1654479695050600451,2023-05-05 13:34:32+00:00,Smart choice ü§ù https://t.co/PjikIeoqbl,1654479695050600451,PrimeHydrate,1478477395325816874,DrinkPrime,False,92,45,2403,12,1654479695050600451,en,,,,,,,,,,,,,241707.0,,7,,everyone
https://twitter.com/PrimeHydrate/status/1653776368520294400,2023-05-03 14:59:46+00:00,I think both is the easiest answer üò≥,1653776368520294400,PrimeHydrate,1478477395325816874,DrinkPrime,False,29,13,536,1,1653776368520294400,en,,,,https://twitter.com/MinaMendesTTV/status/1653753904511827968,,,,,,,,,122842.0,,1,,everyone
https://twitter.com/PrimeHydrate/status/1653116421792997380,2023-05-01 19:17:23+00:00,"SOUTH AFRICA, WE HAVE ARRIVED! üáøüá¶ https://t.co/VSIL1upb14",1653116421792997380,PrimeHydrate,1478477395325816874,DrinkPrime,False,124,83,2218,14,1653116421792997380,en,,,,,,,,,,,,,191981.0,,8,,everyone
https://twitter.com/PrimeHydrate/status/1653014310283538432,2023-05-01 12:31:37+00:00,"NEW WEEK!

What PRIME flavour are you picking today? üëÄ",1653014310283538432,PrimeHydrate,1478477395325816874,DrinkPrime,False,172,24,970,10,1653014310283538432,en,,,,,,,,,,,,,156974.0,,2,,everyone
https://twitter.com/PrimeHydrate/status/1651939334038093824,2023-04-28 13:20:03+00:00,PRIME Energy has arrived in the UK! ‚ö°Ô∏è https://t.co/zH1eP2ElOu,1651939334038093824,PrimeHydrate,1478477395325816874,DrinkPrime,False,103,169,1680,8,1651939334038093824,en,,,,,,,,,,,,,342634.0,,6,,everyone
https://twitter.com/PrimeHydrate/status/1651273277740924944,2023-04-26 17:13:23+00:00,RT this if you need PRIME right now üëÄ,1651273277740924944,PrimeHydrate,1478477395325816874,DrinkPrime,False,106,1224,1482,30,1651273277740924944,en,,,,,,,,,,,,,174816.0,,1,,everyone
https://twitter.com/PrimeHydrate/status/1650540676461867010,2023-04-24 16:42:17+00:00,Great choiceüî•,1650540676461867010,PrimeHydrate,1478477395325816874,DrinkPrime,False,28,11,500,3,1650540676461867010,en,,,,https://twitter.com/BenHarw26347887/status/1650314987921965057,,,,,,,,,104422.0,,1,,everyone
https://twitter.com/PrimeHydrate/status/1649764522842832899,2023-04-22 13:18:08+00:00,When someone asks if they could have a sip of your PRIME üò≥ https://t.co/BTkYAbPIJ6,1649764522842832899,PrimeHydrate,1478477395325816874,DrinkPrime,False,40,52,1439,5,1649764522842832899,en,,,,,,,,,,,,,109141.0,,3,,everyone
https://twitter.com/PrimeHydrate/status/1649041657021575168,2023-04-20 13:25:43+00:00,"How do you handle your problems? ‚Äã

Me: drinks PRIME immediately üëÄ",1649041657021575168,PrimeHydrate,1478477395325816874,DrinkPrime,False,49,27,486,3,1649041657021575168,en,,,,,,,,,,,,,72229.0,,1,,everyone
https://twitter.com/PrimeHydrate/status/1648726971667435523,2023-04-19 16:35:16+00:00,"Happy Birthday, enjoy the PRIME! üòä",1648726971667435523,PrimeHydrate,1478477395325816874,DrinkPrime,False,13,10,466,0,1648726971667435523,en,,,,https://twitter.com/AJSmithYT64/status/1648653023848087554,,,,,,,,,101588.0,,0,,everyone
https://twitter.com/PrimeHydrate/status/1647942631069032449,2023-04-17 12:38:35+00:00,Keeping double hydrated üíß https://t.co/dDWy0t6n97,1647942631069032449,PrimeHydrate,1478477395325816874,DrinkPrime,False,47,60,3187,4,1647942631069032449,en,,,,,,,,,,,,,296805.0,,11,,everyone
https://twitter.com/PrimeHydrate/status/1647232735444971523,2023-04-15 13:37:42+00:00,"If you were only allowed to have one PRIME flavour for the rest of your life. 

What would it be? ü§î",1647232735444971523,PrimeHydrate,1478477395325816874,DrinkPrime,False,822,37,1640,30,1647232735444971523,en,,,,,,,,,,,,,354957.0,,6,,everyone
https://twitter.com/PrimeHydrate/status/1646490660332085248,2023-04-13 12:28:58+00:00,Wonderful collection üî•,1646490660332085248,PrimeHydrate,1478477395325816874,DrinkPrime,False,24,22,605,1,1646490660332085248,en,,,,https://twitter.com/Labyrinth_YT/status/1646451422039273472,,,,,,,,,116426.0,,3,,everyone
https://twitter.com/PrimeHydrate/status/1645907824029868033,2023-04-11 21:52:59+00:00,PRIME SHOT üëä,1645907824029868033,PrimeHydrate,1478477395325816874,DrinkPrime,False,22,23,1538,1,1645907824029868033,en,,,,https://twitter.com/stylebender/status/1645884482912649219,,,,,,,,,164072.0,,5,,everyone
https://twitter.com/PrimeHydrate/status/1645770365904322561,2023-04-11 12:46:46+00:00,"Like for PRIME Hydration, RT for PRIME Energy. 

Or comment for both üòè",1645770365904322561,PrimeHydrate,1478477395325816874,DrinkPrime,False,203,344,2704,7,1645770365904322561,en,,,,,,,,,,,,,189412.0,,1,,everyone
https://twitter.com/PrimeHydrate/status/1644929753034420225,2023-04-09 05:06:29+00:00,$10k to @stylebender for the knockout tonight! üî• https://t.co/hhtK33wopE,1644929753034420225,PrimeHydrate,1478477395325816874,DrinkPrime,False,31,76,3413,4,1644929753034420225,en,,,,,,,"[User(username='stylebender', id=105499378, displayname='Israel Adesanya', rawDescription=None, renderedDescription=None, descriptionLinks=None, verified=None, created=None, followersCount=None, friendsCount=None, statusesCount=None, favouritesCount=None, listedCount=None, mediaCount=None, location=None, protected=None, link=None, profileImageUrl=None, profileBannerUrl=None, label=None, blue=None, blueType=None, profileImageShape=None)]",,,,,,151080.0,,8,,everyone
https://twitter.com/PrimeHydrate/status/1644921664310788097,2023-04-09 04:34:20+00:00,@realDonaldTrump keeping hydrated! https://t.co/kS44EjE4xl,1644921664310788097,PrimeHydrate,1478477395325816874,DrinkPrime,False,29,98,2540,14,1644921664310788097,en,,,,,,,"[User(username='realDonaldTrump', id=25073877, displayname='Donald J. Trump', rawDescription=None, renderedDescription=None, descriptionLinks=None, verified=None, created=None, followersCount=None, friendsCount=None, statusesCount=None, favouritesCount=None, listedCount=None, mediaCount=None, location=None, protected=None, link=None, profileImageUrl=None, profileBannerUrl=None, label=None, blue=None, blueType=None, profileImageShape=None)]",,,,,,50457.0,,15,,everyone
https://twitter.com/PrimeHydrate/status/1644688058606862339,2023-04-08 13:06:04+00:00,Describe your favourite flavour with only using a GIF üëÄ,1644688058606862339,PrimeHydrate,1478477395325816874,DrinkPrime,False,719,34,1817,19,1644688058606862339,en,,,,,,,,,,,,,423320.0,,2,,everyone
https://twitter.com/PrimeHydrate/status/1644326736560005120,2023-04-07 13:10:18+00:00,You should stick to boxing https://t.co/kPrJtldOnz,1644326736560005120,PrimeHydrate,1478477395325816874,DrinkPrime,False,28,99,5217,2,1644326736560005120,en,,,,,,,,,,,,,328664.0,,24,,everyone
https://twitter.com/PrimeHydrate/status/1642535141732917248,2023-04-02 14:31:09+00:00,Venice Beach Skate Park üìç https://t.co/xCxyuRoNln,1642535141732917248,PrimeHydrate,1478477395325816874,DrinkPrime,False,35,31,1158,4,1642535141732917248,en,,,,,,,,,,,,,146833.0,,1,,everyone
https://twitter.com/PrimeHydrate/status/1642363121296654336,2023-04-02 03:07:36+00:00,You hate to see it #PRIME https://t.co/DmK9J6TF9d,1642363121296654336,PrimeHydrate,1478477395325816874,DrinkPrime,False,144,560,19991,29,1642363121296654336,en,,,,,,,,,,['PRIME'],,,830219.0,,64,,everyone
https://twitter.com/PrimeHydrate/status/1642353410744766464,2023-04-02 02:29:01+00:00,PRIME disaster https://t.co/BigidEjvJF,1642353410744766464,PrimeHydrate,1478477395325816874,DrinkPrime,False,46,316,9443,18,1642353410744766464,es,,,,,,,,,,,,,508260.0,,82,,everyone
https://twitter.com/PrimeHydrate/status/1642347527935500289,2023-04-02 02:05:38+00:00,Caption this pictureüëá #Prime https://t.co/9FlmE1U4wE,1642347527935500289,PrimeHydrate,1478477395325816874,DrinkPrime,False,167,108,5776,17,1642347527935500289,en,,,,,,,,,,['Prime'],,,247324.0,,26,,everyone
https://twitter.com/PrimeHydrate/status/1642338345106677761,2023-04-02 01:29:09+00:00,@KSI you good bro? https://t.co/GsX3v27CEk,1642338345106677761,PrimeHydrate,1478477395325816874,DrinkPrime,False,70,335,6602,37,1642338345106677761,en,,,,,,,"[User(username='KSI', id=266135518, displayname='ksi', rawDescription=None, renderedDescription=None, descriptionLinks=None, verified=None, created=None, followersCount=None, friendsCount=None, statusesCount=None, favouritesCount=None, listedCount=None, mediaCount=None, location=None, protected=None, link=None, profileImageUrl=None, profileBannerUrl=None, label=None, blue=None, blueType=None, profileImageShape=None)]",,,,,,165985.0,,77,,everyone
https://twitter.com/PrimeHydrate/status/1642284129449398275,2023-04-01 21:53:43+00:00,NEW TAG TEAM PARTNERS? üëÄ https://t.co/h7xxPLfZCZ,1642284129449398275,PrimeHydrate,1478477395325816874,DrinkPrime,False,140,840,16004,58,1642284129449398275,en,,,,,,,,,,,,,2485541.0,,52,,everyone
https://twitter.com/PrimeHydrate/status/1642279345589813249,2023-04-01 21:34:42+00:00,THE FIGHT OF THE NIGHT üî• https://t.co/At0EjDDHIB,1642279345589813249,PrimeHydrate,1478477395325816874,DrinkPrime,False,80,233,8201,11,1642279345589813249,en,,,,,,,,,,,,,276124.0,,15,,everyone
https://twitter.com/PrimeHydrate/status/1642227819433410561,2023-04-01 18:09:57+00:00,"Los Angeles, be ready üëÄ https://t.co/u3KpEagyhZ",1642227819433410561,PrimeHydrate,1478477395325816874,DrinkPrime,False,17,24,974,1,1642227819433410561,en,,,,,,,,,,,,,87937.0,,2,,everyone
https://twitter.com/PrimeHydrate/status/1641876038232727552,2023-03-31 18:52:06+00:00,"PRIME x DODGERS
Now the official sports drink of the Los Angeles @Dodgers. PRIME continues to partner with the most premiere sports teams around the globe ‚öæÔ∏è https://t.co/2GzLMn7h0j",1641876038232727552,PrimeHydrate,1478477395325816874,DrinkPrime,False,144,393,6096,186,1641876038232727552,en,,,,,,,"[User(username='Dodgers', id=23043294, displayname='Los Angeles Dodgers', rawDescription=None, renderedDescription=None, descriptionLinks=None, verified=None, created=None, followersCount=None, friendsCount=None, statusesCount=None, favouritesCount=None, listedCount=None, mediaCount=None, location=None, protected=None, link=None, profileImageUrl=None, profileBannerUrl=None, label=None, blue=None, blueType=None, profileImageShape=None)]",,,,,,1587334.0,,42,,everyone
https://twitter.com/PrimeHydrate/status/1641797428813676545,2023-03-31 13:39:44+00:00,ùó£ùóºùòÑùó≤ùóøùó≤ùó± ùóØùòÜ ùó£ùó•ùóúùó†ùóò ùóòùóªùó≤ùóøùó¥ùòÜ ‚ö°Ô∏è https://t.co/xA9meHAi33,1641797428813676545,PrimeHydrate,1478477395325816874,DrinkPrime,False,67,679,5667,4,1641797428813676545,en,,,,,,,,,,,,,422808.0,,19,,everyone
https://twitter.com/PrimeHydrate/status/1641116758886043649,2023-03-29 16:35:00+00:00,Which PRIME do you reach for? üòè https://t.co/pvGaFUcaq2,1641116758886043649,PrimeHydrate,1478477395325816874,DrinkPrime,False,442,109,3833,31,1641116758886043649,en,,,,,,,,,,,,,632733.0,,21,,everyone
https://twitter.com/PrimeHydrate/status/1640870729775284224,2023-03-29 00:17:22+00:00,üëÄ,1640870729775284224,PrimeHydrate,1478477395325816874,DrinkPrime,False,25,24,1641,0,1640870729775284224,art,,,,https://twitter.com/LoganPaul/status/1640869656381763584,,,,,,,,,176042.0,,7,,everyone
https://twitter.com/PrimeHydrate/status/1640729095674667013,2023-03-28 14:54:34+00:00,Enjoy! üî•,1640729095674667013,PrimeHydrate,1478477395325816874,DrinkPrime,False,15,18,531,2,1640729095674667013,en,,,,https://twitter.com/RushindraSinha/status/1640638846697349122,,,,,,,,,108999.0,,1,,everyone
https://twitter.com/PrimeHydrate/status/1639669430325002244,2023-03-25 16:43:50+00:00,When you see people buying PRIME for ¬£100 https://t.co/rIh45QjJh9,1639669430325002244,PrimeHydrate,1478477395325816874,DrinkPrime,False,91,56,2794,4,1639669430325002244,en,,,,,,,,,,,,,166160.0,,1,,everyone
https://twitter.com/PrimeHydrate/status/1638908991622246401,2023-03-23 14:22:07+00:00,Tag that friend with the PRIME addictionüëá,1638908991622246401,PrimeHydrate,1478477395325816874,DrinkPrime,False,209,38,839,10,1638908991622246401,en,,,,,,,,,,,,,127812.0,,2,,everyone
https://twitter.com/PrimeHydrate/status/1638183334692913152,2023-03-21 14:18:37+00:00,Australia üá¶üá∫ https://t.co/UdxGXvid2S,1638183334692913152,PrimeHydrate,1478477395325816874,DrinkPrime,False,302,659,5869,65,1638183334692913152,en,,,,,,,,,,,,,4360563.0,,27,,everyone
https://twitter.com/PrimeHydrate/status/1638181565552529408,2023-03-21 14:11:35+00:00,Stay Hydrated https://t.co/ZbyjCNOzWo,1638181565552529408,PrimeHydrate,1478477395325816874,DrinkPrime,False,25,62,1885,3,1638181565552529408,en,,,,,,,,,,,,,93632.0,,2,,everyone
https://twitter.com/PrimeHydrate/status/1637222495446024192,2023-03-18 22:40:35+00:00,$5k to @GunniNelson for submission on the PRIME bottle!,1637222495446024192,PrimeHydrate,1478477395325816874,DrinkPrime,False,19,8,416,1,1637222495446024192,en,,,,,,,"[User(username='GunniNelson', id=630521377, displayname='Gunnar Nelson', rawDescription=None, renderedDescription=None, descriptionLinks=None, verified=None, created=None, followersCount=None, friendsCount=None, statusesCount=None, favouritesCount=None, listedCount=None, mediaCount=None, location=None, protected=None, link=None, profileImageUrl=None, profileBannerUrl=None, label=None, blue=None, blueType=None, profileImageShape=None)]",,,,,,126324.0,,1,,everyone
https://twitter.com/PrimeHydrate/status/1637094980765335558,2023-03-18 14:13:53+00:00,"UFC 286 Giveaway Winnersüëä

@callmeejp_
@jordljones 

Congratulations, you will be messaged shortly!",1637094980765335558,PrimeHydrate,1478477395325816874,DrinkPrime,False,18,10,259,1,1637094980765335558,en,,,,,,,"[User(username='CallMeeJP_', id=2344687102, displayname='JustJP', rawDescription=None, renderedDescription=None, descriptionLinks=None, verified=None, created=None, followersCount=None, friendsCount=None, statusesCount=None, favouritesCount=None, listedCount=None, mediaCount=None, location=None, protected=None, link=None, profileImageUrl=None, profileBannerUrl=None, label=None, blue=None, blueType=None, profileImageShape=None), User(username='JordLJones', id=147647312, displayname='Jordan Jones', rawDescription=None, renderedDescription=None, descriptionLinks=None, verified=None, created=None, followersCount=None, friendsCount=None, statusesCount=None, favouritesCount=None, listedCount=None, mediaCount=None, location=None, protected=None, link=None, profileImageUrl=None, profileBannerUrl=None, label=None, blue=None, blueType=None, profileImageShape=None)]",,,,,,59178.0,,0,,everyone
https://twitter.com/PrimeHydrate/status/1637053993045094401,2023-03-18 11:31:01+00:00,"UFC 286 (London) Ticket Giveawayüëä

We are giving 2 lucky people - 2 tickets to attend UFC 286! Tonight! 

To Enter: 
‚Ä¢Must be 18+ 
‚Ä¢Like &amp; Retweet
‚Ä¢Follow @primehydrate 
‚Ä¢Tag the person you wanna go with

Winners will be announced at 2PM.",1637053993045094401,PrimeHydrate,1478477395325816874,DrinkPrime,False,1113,1343,3620,38,1637053993045094401,en,,,,,,,"[User(username='PrimeHydrate', id=1478477395325816874, displayname='DrinkPrime', rawDescription=None, renderedDescription=None, descriptionLinks=None, verified=None, created=None, followersCount=None, friendsCount=None, statusesCount=None, favouritesCount=None, listedCount=None, mediaCount=None, location=None, protected=None, link=None, profileImageUrl=None, profileBannerUrl=None, label=None, blue=None, blueType=None, profileImageShape=None)]",,,,,,457424.0,,8,,everyone
https://twitter.com/PrimeHydrate/status/1636478561941876736,2023-03-16 21:24:28+00:00,Arsenal? Prime? Kim K gets it,1636478561941876736,PrimeHydrate,1478477395325816874,DrinkPrime,False,23,34,2069,3,1636478561941876736,en,,,,https://twitter.com/LoganPaul/status/1636476948892336130,,,,,,,,,253143.0,,5,,everyone
https://twitter.com/PrimeHydrate/status/1636009195441905667,2023-03-15 14:19:22+00:00,I only drink PRIME on days ending in Y,1636009195441905667,PrimeHydrate,1478477395325816874,DrinkPrime,False,117,60,1420,4,1636009195441905667,en,,,,,,,,,,,,,142654.0,,4,,everyone
https://twitter.com/PrimeHydrate/status/1635284123505012746,2023-03-13 14:18:11+00:00,AUSSIE AUSSIE AUSSIE üëÄ,1635284123505012746,PrimeHydrate,1478477395325816874,DrinkPrime,False,46,22,1367,1,1635284123505012746,de,,,,https://twitter.com/KSI/status/1635183577783730182,,,,,,,,,232430.0,,1,,everyone
https://twitter.com/PrimeHydrate/status/1634579449239707649,2023-03-11 15:38:04+00:00,Before PRIME                      After PRIME https://t.co/DGNtc2wzY3,1634579449239707649,PrimeHydrate,1478477395325816874,DrinkPrime,False,54,78,3681,5,1634579449239707649,en,,,,,,,,,,,,,258681.0,,4,,everyone
https://twitter.com/PrimeHydrate/status/1633894424718589953,2023-03-09 18:16:01+00:00,Who thinks @mikemajlak deserves equity in PRIME? ü§î https://t.co/1BTnTyOXmq,1633894424718589953,PrimeHydrate,1478477395325816874,DrinkPrime,False,75,48,1335,5,1633894424718589953,en,,,,,,,"[User(username='mikemajlak', id=280445818, displayname='Mike Majlak', rawDescription=None, renderedDescription=None, descriptionLinks=None, verified=None, created=None, followersCount=None, friendsCount=None, statusesCount=None, favouritesCount=None, listedCount=None, mediaCount=None, location=None, protected=None, link=None, profileImageUrl=None, profileBannerUrl=None, label=None, blue=None, blueType=None, profileImageShape=None)]",,,,,,197108.0,,13,,everyone
https://twitter.com/PrimeHydrate/status/1632866627694854146,2023-03-06 22:11:55+00:00,We only hydrate with PRIME ‚ö°Ô∏è,1632866627694854146,PrimeHydrate,1478477395325816874,DrinkPrime,False,26,42,1452,1,1632866627694854146,en,,,,https://twitter.com/LoganPaul/status/1632860017089970178,,,,,,,,,155873.0,,9,,everyone
https://twitter.com/PrimeHydrate/status/1632826990133739520,2023-03-06 19:34:25+00:00,https://t.co/utda6AyPoM,1632826990133739520,PrimeHydrate,1478477395325816874,DrinkPrime,False,6,10,127,0,1632826984798535682,zxx,,,,,1.6328269847985357e+18,https://twitter.com/PrimeHydrate,,,,,,,68086.0,,2,,everyone
https://twitter.com/PrimeHydrate/status/1632826984798535682,2023-03-06 19:34:24+00:00,Join our new Ambassador Program with the link below!  (US only) https://t.co/26ABpurQhp,1632826984798535682,PrimeHydrate,1478477395325816874,DrinkPrime,False,81,70,1327,12,1632826984798535682,en,,,,,,,,,,,,,1441823.0,,54,,everyone
https://twitter.com/PrimeHydrate/status/1632069964961046528,2023-03-04 17:26:16+00:00,WINNERS. Congratulations @Arsenal on your amazing victory today!üî•,1632069964961046528,PrimeHydrate,1478477395325816874,DrinkPrime,False,21,31,1484,2,1632069964961046528,en,,,,,,,"[User(username='Arsenal', id=34613288, displayname='Arsenal', rawDescription=None, renderedDescription=None, descriptionLinks=None, verified=None, created=None, followersCount=None, friendsCount=None, statusesCount=None, favouritesCount=None, listedCount=None, mediaCount=None, location=None, protected=None, link=None, profileImageUrl=None, profileBannerUrl=None, label=None, blue=None, blueType=None, profileImageShape=None)]",,,,,,171892.0,,1,,everyone
https://twitter.com/PrimeHydrate/status/1631746466963136513,2023-03-03 20:00:48+00:00,U N R E A L üî•,1631746466963136513,PrimeHydrate,1478477395325816874,DrinkPrime,False,17,20,698,0,1631746466963136513,en,,,,https://twitter.com/LoganPaul/status/1631745137826058240,,,,,,,,,102675.0,,2,,everyone
https://twitter.com/PrimeHydrate/status/1631270264922157067,2023-03-02 12:28:33+00:00,PRIME catching flights ‚úàÔ∏è,1631270264922157067,PrimeHydrate,1478477395325816874,DrinkPrime,False,21,23,1541,1,1631270264922157067,en,,,,https://twitter.com/KSI/status/1631266776704253952,,,,,,,,,136465.0,,3,,everyone
https://twitter.com/PrimeHydrate/status/1630942864287907840,2023-03-01 14:47:34+00:00,"PRIME ‚û°Ô∏è Work ‚û°Ô∏è Sleep ‚û°Ô∏è Repeat

Follow these steps.",1630942864287907840,PrimeHydrate,1478477395325816874,DrinkPrime,False,56,37,780,2,1630942864287907840,en,,,,,,,,,,,,,78011.0,,2,,everyone
https://twitter.com/PrimeHydrate/status/1630268883146797056,2023-02-27 18:09:25+00:00,@KSI trying his exclusive flavor for the first time üëÄ https://t.co/d0KrrDTHWs,1630268883146797056,PrimeHydrate,1478477395325816874,DrinkPrime,False,50,76,3985,8,1630268883146797056,en,,,,,,,"[User(username='KSI', id=266135518, displayname='ksi', rawDescription=None, renderedDescription=None, descriptionLinks=None, verified=None, created=None, followersCount=None, friendsCount=None, statusesCount=None, favouritesCount=None, listedCount=None, mediaCount=None, location=None, protected=None, link=None, profileImageUrl=None, profileBannerUrl=None, label=None, blue=None, blueType=None, profileImageShape=None)]",,,,,,282782.0,,31,,everyone
https://twitter.com/PrimeHydrate/status/1629541250041782277,2023-02-25 17:58:04+00:00,KSI SEES HIS PRIME BOTTLE FOR 1ST TIMEüî• https://t.co/z5NLJb9ZVR,1629541250041782277,PrimeHydrate,1478477395325816874,DrinkPrime,False,105,248,13375,17,1629541250041782277,en,,,,,,,,,,,,,5747368.0,,86,,everyone
https://twitter.com/PrimeHydrate/status/1628758399289524225,2023-02-23 14:07:17+00:00,Your first @ owes you PRIME üòè,1628758399289524225,PrimeHydrate,1478477395325816874,DrinkPrime,False,1654,92,5155,32,1628758399289524225,en,,,,,,,,,,,,,554821.0,,11,,everyone
https://twitter.com/PrimeHydrate/status/1628079193501073408,2023-02-21 17:08:22+00:00,Who managed to grab a bottle of PRIME today?üëá,1628079193501073408,PrimeHydrate,1478477395325816874,DrinkPrime,False,889,103,4785,28,1628079193501073408,en,,,,,,,,,,,,,476592.0,,7,,everyone
https://twitter.com/PrimeHydrate/status/1627754758931943456,2023-02-20 19:39:11+00:00,"A relationship should be 50/50. You buy me PRIME, I drink them.",1627754758931943456,PrimeHydrate,1478477395325816874,DrinkPrime,False,64,88,2071,9,1627754758931943456,en,,,,,,,,,,,,,183067.0,,8,,everyone
https://twitter.com/PrimeHydrate/status/1626591645893537794,2023-02-17 14:37:23+00:00,"For the UK, Who‚Äôs ready for the re-stock today? üòè",1626591645893537794,PrimeHydrate,1478477395325816874,DrinkPrime,False,394,43,3208,8,1626591645893537794,en,,,,,,,,,,,,,298754.0,,6,,everyone
https://twitter.com/PrimeHydrate/status/1625552850020442114,2023-02-14 17:49:35+00:00,"NEW¬†U.K. EXCLUSIVE PRIME X KSI BUNDLE!¬†¬†

Limited edition bundle includes:
üí• 1 case of KSI‚Äôs NEW PRIME Hydration flavor
üí• 1 T-Shirt¬†
üí• 1 Bandana

Available 17.02 at 5PM GMT, only on https://t.co/uRmbpVyl6R!¬†T&amp;Cs apply.¬†Check out¬†https://t.co/qpaxmtbTes for more details. https://t.co/dwYmc8g2mu",1625552850020442114,PrimeHydrate,1478477395325816874,DrinkPrime,False,207,155,3917,31,1625552850020442114,en,,,,,,,,,,,,,940855.0,,40,,everyone
https://twitter.com/PrimeHydrate/status/1625491313679564802,2023-02-14 13:45:04+00:00,Always stay Hydrated üëÄ,1625491313679564802,PrimeHydrate,1478477395325816874,DrinkPrime,False,64,44,2017,2,1625491313679564802,en,,,,https://twitter.com/LoganPaul/status/1625479667284336641,,,,,,,,,225601.0,,8,,everyone
https://twitter.com/PrimeHydrate/status/1625197062651346944,2023-02-13 18:15:49+00:00,You don‚Äôt want to miss this one!üî•,1625197062651346944,PrimeHydrate,1478477395325816874,DrinkPrime,False,18,12,517,0,1625197062651346944,en,,,,https://twitter.com/Arsenal/status/1625188567222829068,,,,,,,,,136074.0,,4,,everyone
https://twitter.com/PrimeHydrate/status/1624896947650760706,2023-02-12 22:23:16+00:00,AUSSIE AUSSIE AUSSIE üá¶üá∫,1624896947650760706,PrimeHydrate,1478477395325816874,DrinkPrime,False,37,88,3785,4,1624896947650760706,de,,,,https://twitter.com/KSI/status/1624889825685016577,,,,,,,,,361461.0,,16,,everyone
https://twitter.com/PrimeHydrate/status/1624305537344016384,2023-02-11 07:13:12+00:00,PRIME ü§ù @ufc https://t.co/b24i8oufmB,1624305537344016384,PrimeHydrate,1478477395325816874,DrinkPrime,False,92,223,10856,10,1624305537344016384,en,,,,,,,"[User(username='ufc', id=6446742, displayname='UFC', rawDescription=None, renderedDescription=None, descriptionLinks=None, verified=None, created=None, followersCount=None, friendsCount=None, statusesCount=None, favouritesCount=None, listedCount=None, mediaCount=None, location=None, protected=None, link=None, profileImageUrl=None, profileBannerUrl=None, label=None, blue=None, blueType=None, profileImageShape=None)]",,,,,,416060.0,,14,,everyone
https://twitter.com/PrimeHydrate/status/1624089444256034836,2023-02-10 16:54:32+00:00,Which flavour of PRIME did you try first?üëá,1624089444256034836,PrimeHydrate,1478477395325816874,DrinkPrime,False,2017,93,6673,50,1624089444256034836,en,,,,,,,,,,,,,688374.0,,12,,everyone
https://twitter.com/PrimeHydrate/status/1622986246115979266,2023-02-07 15:50:49+00:00,PRIME‚Äôd up üòé,1622986246115979266,PrimeHydrate,1478477395325816874,DrinkPrime,False,22,34,1243,1,1622986246115979266,en,,,,https://twitter.com/impaulsive/status/1622731253429465088,,,,,,,,,187388.0,,10,,everyone
https://twitter.com/PrimeHydrate/status/1622760277409255424,2023-02-07 00:52:54+00:00,FEB 11th &gt; PERTH AUSTRALIAüá¶üá∫ https://t.co/et1bCNFJsS,1622760277409255424,PrimeHydrate,1478477395325816874,DrinkPrime,False,221,111,3552,67,1622760277409255424,cy,,,,,,,,,,,,,1199705.0,,13,,everyone
https://twitter.com/PrimeHydrate/status/1622316918207090688,2023-02-05 19:31:09+00:00,"#PRIMExUFC Giveaway WinnerüèÜ 

@Stevo9967 

Congratulations, you will be contacted shortly!",1622316918207090688,PrimeHydrate,1478477395325816874,DrinkPrime,False,29,14,454,0,1622316918207090688,en,,,,,,,"[User(username='Stevo9967', id=1146179015398625280, displayname='‚Ä¶', rawDescription=None, renderedDescription=None, descriptionLinks=None, verified=None, created=None, followersCount=None, friendsCount=None, statusesCount=None, favouritesCount=None, listedCount=None, mediaCount=None, location=None, protected=None, link=None, profileImageUrl=None, profileBannerUrl=None, label=None, blue=None, blueType=None, profileImageShape=None)]",,,['PRIMExUFC'],,,152933.0,,2,,everyone
https://twitter.com/PrimeHydrate/status/1620831558587518979,2023-02-01 17:08:51+00:00,W Partnershipü§ù @ufc,1620831558587518979,PrimeHydrate,1478477395325816874,DrinkPrime,False,28,43,1847,3,1620831558587518979,en,,,,https://twitter.com/LoganPaul/status/1620818272542420993,,,"[User(username='ufc', id=6446742, displayname='UFC', rawDescription=None, renderedDescription=None, descriptionLinks=None, verified=None, created=None, followersCount=None, friendsCount=None, statusesCount=None, favouritesCount=None, listedCount=None, mediaCount=None, location=None, protected=None, link=None, profileImageUrl=None, profileBannerUrl=None, label=None, blue=None, blueType=None, profileImageShape=None)]",,,,,,242058.0,,6,,everyone
https://twitter.com/PrimeHydrate/status/1620466487092994048,2023-01-31 16:58:11+00:00,"ùêÄùêßùêßùê®ùêÆùêßùêúùêûùê¶ùêûùêßùê≠

Win a VIP UFC trip + tickets &amp; expenses paid by Prime, official Sports Drink of UFC! Just RT &amp; use #PRIMExUFC. 18+ only. Winner announced Feb 5th https://t.co/nJuCgwBcY7",1620466487092994048,PrimeHydrate,1478477395325816874,DrinkPrime,False,2683,4477,21590,3864,1620466487092994048,en,,,,,,,,,,['PRIMExUFC'],,,5324931.0,,84,,everyone
https://twitter.com/PrimeHydrate/status/1619658601387393025,2023-01-29 11:27:57+00:00,"PRIME MOMENTüî• 

Video credit: @S_Universal https://t.co/OSVanqNCkb",1619658601387393025,PrimeHydrate,1478477395325816874,DrinkPrime,False,96,741,12775,30,1619658601387393025,en,,,,,,,"[User(username='S_Universal', id=600362948, displayname='S. Sami', rawDescription=None, renderedDescription=None, descriptionLinks=None, verified=None, created=None, followersCount=None, friendsCount=None, statusesCount=None, favouritesCount=None, listedCount=None, mediaCount=None, location=None, protected=None, link=None, profileImageUrl=None, profileBannerUrl=None, label=None, blue=None, blueType=None, profileImageShape=None)]",,,,,,1057713.0,,106,,everyone
https://twitter.com/PrimeHydrate/status/1619342877326454784,2023-01-28 14:33:22+00:00,Describe your favourite PRIME flavour in one wordüëá,1619342877326454784,PrimeHydrate,1478477395325816874,DrinkPrime,False,1068,76,4493,25,1619342877326454784,en,,,,,,,,,,,,,777140.0,,8,,everyone
https://twitter.com/PrimeHydrate/status/1618655481878450177,2023-01-26 17:01:54+00:00,Fuelled by PRIMEüèÜ @Arsenal https://t.co/2N1mIdaZLs,1618655481878450177,PrimeHydrate,1478477395325816874,DrinkPrime,False,48,215,16696,4,1618655481878450177,en,,,,,,,"[User(username='Arsenal', id=34613288, displayname='Arsenal', rawDescription=None, renderedDescription=None, descriptionLinks=None, verified=None, created=None, followersCount=None, friendsCount=None, statusesCount=None, favouritesCount=None, listedCount=None, mediaCount=None, location=None, protected=None, link=None, profileImageUrl=None, profileBannerUrl=None, label=None, blue=None, blueType=None, profileImageShape=None)]",,,,,,738422.0,,16,,everyone
https://twitter.com/PrimeHydrate/status/1617894546217787392,2023-01-24 14:38:13+00:00,Interestingü§î,1617894546217787392,PrimeHydrate,1478477395325816874,DrinkPrime,False,103,49,1465,4,1617894546217787392,en,,,,https://twitter.com/Deliveroo/status/1617468503275245573,,,,,,,,,318837.0,,12,,everyone
https://twitter.com/PrimeHydrate/status/1617231784458211330,2023-01-22 18:44:38+00:00,"Hey @Arsenal, Enjoy your PRIME victoryüòä",1617231784458211330,PrimeHydrate,1478477395325816874,DrinkPrime,False,66,115,10557,4,1617231784458211330,en,,,,,,,"[User(username='Arsenal', id=34613288, displayname='Arsenal', rawDescription=None, renderedDescription=None, descriptionLinks=None, verified=None, created=None, followersCount=None, friendsCount=None, statusesCount=None, favouritesCount=None, listedCount=None, mediaCount=None, location=None, protected=None, link=None, profileImageUrl=None, profileBannerUrl=None, label=None, blue=None, blueType=None, profileImageShape=None)]",,,,,,958592.0,,4,,everyone
https://twitter.com/PrimeHydrate/status/1616442048831447042,2023-01-20 14:26:31+00:00,Like this tweet if you have tried PRIME ENERGY!‚ö°Ô∏è,1616442048831447042,PrimeHydrate,1478477395325816874,DrinkPrime,False,236,89,3940,13,1616442048831447042,en,,,,,,,,,,,,,448254.0,,0,,everyone
https://twitter.com/PrimeHydrate/status/1615710851956178953,2023-01-18 14:01:00+00:00,‚ìò this user is running on PRIME,1615710851956178953,PrimeHydrate,1478477395325816874,DrinkPrime,False,134,144,7458,11,1615710851956178953,en,,,,,,,,,,,,,962694.0,,13,,everyone
https://twitter.com/PrimeHydrate/status/1614737147822755841,2023-01-15 21:31:51+00:00,"GIVEAWAY WINNERSüèÜ

@ilikemusickinda
@cilek_aysin 
@louiseocarroll
@arzchops
@janielovesfood
@riowahab
@patrik_santi_11
@ktemrfamily
@mrRichTea
@olipthorpe

Congratulations, you will be messaged shortlyü§ù",1614737147822755841,PrimeHydrate,1478477395325816874,DrinkPrime,False,31,11,382,5,1614737147822755841,en,,,,,,,"[User(username='ILikeMusicKinda', id=913628550942593024, displayname='GOOFY AND GULLIBLE', rawDescription=None, renderedDescription=None, descriptionLinks=None, verified=None, created=None, followersCount=None, friendsCount=None, statusesCount=None, favouritesCount=None, listedCount=None, mediaCount=None, location=None, protected=None, link=None, profileImageUrl=None, profileBannerUrl=None, label=None, blue=None, blueType=None, profileImageShape=None), User(username='cilek_aysin', id=892811364888129538, displayname='Aysin Cilekü§é', rawDescription=None, renderedDescription=None, descriptionLinks=None, verified=None, created=None, followersCount=None, friendsCount=None, statusesCount=None, favouritesCount=None, listedCount=None, mediaCount=None, location=None, protected=None, link=None, profileImageUrl=None, profileBannerUrl=None, label=None, blue=None, blueType=None, profileImageShape=None), User(username='louiseocarroll', id=21755011, displayname=""Louise O'Carroll"", rawDescription=None, renderedDescription=None, descriptionLinks=None, verified=None, created=None, followersCount=None, friendsCount=None, statusesCount=None, favouritesCount=None, listedCount=None, mediaCount=None, location=None, protected=None, link=None, profileImageUrl=None, profileBannerUrl=None, label=None, blue=None, blueType=None, profileImageShape=None), User(username='ArzChops', id=1137109358645600258, displayname='Mr ArzEvent', rawDescription=None, renderedDescription=None, descriptionLinks=None, verified=None, created=None, followersCount=None, friendsCount=None, statusesCount=None, favouritesCount=None, listedCount=None, mediaCount=None, location=None, protected=None, link=None, profileImageUrl=None, profileBannerUrl=None, label=None, blue=None, blueType=None, profileImageShape=None), User(username='janielovesfood', id=19533041, displayname='Jane Saward', rawDescription=None, renderedDescription=None, descriptionLinks=None, verified=None, created=None, followersCount=None, friendsCount=None, statusesCount=None, favouritesCount=None, listedCount=None, mediaCount=None, location=None, protected=None, link=None, profileImageUrl=None, profileBannerUrl=None, label=None, blue=None, blueType=None, profileImageShape=None), User(username='riowahab', id=44073849, displayname='Rio Wahab', rawDescription=None, renderedDescription=None, descriptionLinks=None, verified=None, created=None, followersCount=None, friendsCount=None, statusesCount=None, favouritesCount=None, listedCount=None, mediaCount=None, location=None, protected=None, link=None, profileImageUrl=None, profileBannerUrl=None, label=None, blue=None, blueType=None, profileImageShape=None), User(username='patrik_santi_11', id=1293541391994368002, displayname='Patrik Harnuboglu', rawDescription=None, renderedDescription=None, descriptionLinks=None, verified=None, created=None, followersCount=None, friendsCount=None, statusesCount=None, favouritesCount=None, listedCount=None, mediaCount=None, location=None, protected=None, link=None, profileImageUrl=None, profileBannerUrl=None, label=None, blue=None, blueType=None, profileImageShape=None), User(username='ktemrfamily', id=1648488918, displayname='üíö∆ò·ó©∆¨∆ñ∆ê ·îï·ó©·ó∞·ë≠FO·ñá·ó™üíö', rawDescription=None, renderedDescription=None, descriptionLinks=None, verified=None, created=None, followersCount=None, friendsCount=None, statusesCount=None, favouritesCount=None, listedCount=None, mediaCount=None, location=None, protected=None, link=None, profileImageUrl=None, profileBannerUrl=None, label=None, blue=None, blueType=None, profileImageShape=None), User(username='MrRichTea', id=20646036, displayname='Rich Tyler', rawDescription=None, renderedDescription=None, descriptionLinks=None, verified=None, created=None, followersCount=None, friendsCount=None, statusesCount=None, favouritesCount=None, listedCount=None, mediaCount=None, location=None, protected=None, link=None, profileImageUrl=None, profileBannerUrl=None, label=None, blue=None, blueType=None, profileImageShape=None), User(username='OliPThorpe', id=849537370722586624, displayname='Ollie', rawDescription=None, renderedDescription=None, descriptionLinks=None, verified=None, created=None, followersCount=None, friendsCount=None, statusesCount=None, favouritesCount=None, listedCount=None, mediaCount=None, location=None, protected=None, link=None, profileImageUrl=None, profileBannerUrl=None, label=None, blue=None, blueType=None, profileImageShape=None)]",,,,,,96315.0,,0,,everyone
https://twitter.com/PrimeHydrate/status/1614710781114998784,2023-01-15 19:47:04+00:00,"ùó™ùóõùóîùóß ùóî ùóöùó•ùóòùóîùóß ùó™ùóòùóòùóûùóòùó°ùóó!ü§Ø

We would like to congratulate our man @KSI on the victory last night, he made us all proud!üèÜ

Secondly, congratulations to @Arsenal on their victory against Spurs today. Proving that London is RED!üî¥",1614710781114998784,PrimeHydrate,1478477395325816874,DrinkPrime,False,24,37,2230,0,1614710781114998784,en,,,,,,,"[User(username='KSI', id=266135518, displayname='ksi', rawDescription=None, renderedDescription=None, descriptionLinks=None, verified=None, created=None, followersCount=None, friendsCount=None, statusesCount=None, favouritesCount=None, listedCount=None, mediaCount=None, location=None, protected=None, link=None, profileImageUrl=None, profileBannerUrl=None, label=None, blue=None, blueType=None, profileImageShape=None), User(username='Arsenal', id=34613288, displayname='Arsenal', rawDescription=None, renderedDescription=None, descriptionLinks=None, verified=None, created=None, followersCount=None, friendsCount=None, statusesCount=None, favouritesCount=None, listedCount=None, mediaCount=None, location=None, protected=None, link=None, profileImageUrl=None, profileBannerUrl=None, label=None, blue=None, blueType=None, profileImageShape=None)]",,,,,,171418.0,,7,,everyone
https://twitter.com/PrimeHydrate/status/1614690431593218048,2023-01-15 18:26:13+00:00,BEST BEVERAGE BEST TEAM üëÄ@Arsenal https://t.co/hIGmq8josO,1614690431593218048,PrimeHydrate,1478477395325816874,DrinkPrime,False,69,598,21151,16,1614690431593218048,en,,,,,,,"[User(username='Arsenal', id=34613288, displayname='Arsenal', rawDescription=None, renderedDescription=None, descriptionLinks=None, verified=None, created=None, followersCount=None, friendsCount=None, statusesCount=None, favouritesCount=None, listedCount=None, mediaCount=None, location=None, protected=None, link=None, profileImageUrl=None, profileBannerUrl=None, label=None, blue=None, blueType=None, profileImageShape=None)]",,,,,,3143823.0,,35,,everyone
https://twitter.com/PrimeHydrate/status/1614566978139586560,2023-01-15 10:15:39+00:00,PRIME @KSI üëÄ https://t.co/AGXfTCjvp7,1614566978139586560,PrimeHydrate,1478477395325816874,DrinkPrime,False,55,108,6115,5,1614566978139586560,en,,,,,,,"[User(username='KSI', id=266135518, displayname='ksi', rawDescription=None, renderedDescription=None, descriptionLinks=None, verified=None, created=None, followersCount=None, friendsCount=None, statusesCount=None, favouritesCount=None, listedCount=None, mediaCount=None, location=None, protected=None, link=None, profileImageUrl=None, profileBannerUrl=None, label=None, blue=None, blueType=None, profileImageShape=None)]",,,,,,249069.0,,18,,everyone
https://twitter.com/PrimeHydrate/status/1613963577873793034,2023-01-13 18:17:57+00:00,KSI with the custom diamond PRIME chain üíé https://t.co/sSkQg7LC1w,1613963577873793034,PrimeHydrate,1478477395325816874,DrinkPrime,False,49,87,5268,4,1613963577873793034,en,,,,,,,,,,,,,524709.0,,26,,everyone
https://twitter.com/PrimeHydrate/status/1612515825293860867,2023-01-09 18:25:06+00:00,"NEW HYDRATION FLAVOR üö®‚Äã

The highly requested Strawberry Watermelon is joining the OG PRIME Hydration lineup!

Snag yours on https://t.co/OKamM7Z7gQ TUES 1.10 at 1PM ET ‚Äì U.S. Only https://t.co/KSQGh8Qr71",1612515825293860867,PrimeHydrate,1478477395325816874,DrinkPrime,False,719,655,22043,171,1612515825293860867,en,,,,,,,,,,,,,6280610.0,,92,,everyone
https://twitter.com/PrimeHydrate/status/1612193410378788864,2023-01-08 21:03:56+00:00,"TO CELEBRATE 300K FOLLOWERSü§ù

We are giving 10 people - one case of PRIME ENERGY each!‚ö°Ô∏è

To Enter : 
‚Ä¢Must be 18+
‚Ä¢Follow @primehydrate 
‚Ä¢Like &amp; Retweet 
‚Ä¢Reply #drinkprime when completed.

Winners will be announced &amp; contacted on Sunday 15th January via DM.",1612193410378788864,PrimeHydrate,1478477395325816874,DrinkPrime,False,14403,13812,24304,248,1612193410378788864,en,,,,,,,"[User(username='PrimeHydrate', id=1478477395325816874, displayname='DrinkPrime', rawDescription=None, renderedDescription=None, descriptionLinks=None, verified=None, created=None, followersCount=None, friendsCount=None, statusesCount=None, favouritesCount=None, listedCount=None, mediaCount=None, location=None, protected=None, link=None, profileImageUrl=None, profileBannerUrl=None, label=None, blue=None, blueType=None, profileImageShape=None)]",,,['drinkprime'],,,3244899.0,,33,,everyone
https://twitter.com/PrimeHydrate/status/1612104114380447744,2023-01-08 15:09:06+00:00,"PRIME Hydration ü§ù PRIME Energy. 

PRIME Energy is for ages 18+. https://t.co/dF3msLPvhd",1612104114380447744,PrimeHydrate,1478477395325816874,DrinkPrime,False,389,237,7411,40,1612104114380447744,en,,,,,,,,,,,,,1159969.0,,58,,everyone
https://twitter.com/PrimeHydrate/status/1611362340187824129,2023-01-06 14:01:34+00:00,ùôãùôçùôÑùôàùôÄ ùôÄùôâùôÄùôçùôÇùôî‚ö°Ô∏è https://t.co/WRRPVLqTn5,1611362340187824129,PrimeHydrate,1478477395325816874,DrinkPrime,False,276,94,2929,10,1611362340187824129,en,,,,,,,,,,,,,479254.0,,11,,everyone
https://twitter.com/PrimeHydrate/status/1610711483553300480,2023-01-04 18:55:17+00:00,SOLD OUTüö® https://t.co/bRg9MfFv0R,1610711483553300480,PrimeHydrate,1478477395325816874,DrinkPrime,False,207,92,4020,14,1610711483553300480,en,,,,,,,,,,,,,412689.0,,10,,everyone
https://twitter.com/PrimeHydrate/status/1610705074350874624,2023-01-04 18:29:49+00:00,"PRIME Energy¬†just hit the site ‚Äì snag yours¬†on¬†https://t.co/OKamM7ZF6o üíØ

UK followers, don't worry - PRIME Energy is coming to the UK in April!

All statements are comparing the products depicted in the video. PRIME Energy is for ages 18+. https://t.co/iBtq4rEq3V",1610705074350874624,PrimeHydrate,1478477395325816874,DrinkPrime,False,1011,617,20151,151,1610705074350874624,en,,,,,,,,,,,,,3591132.0,,210,,everyone
https://twitter.com/PrimeHydrate/status/1610335228899336192,2023-01-03 18:00:11+00:00,"PRIME ENERGY ‚ö° 

200mg caffeine, 0 sugar, 300mg electrolytes &amp; 5 delicious flavors. Choose from Orange Mango, Strawberry Watermelon, Blue Raspberry, Lemon Lime and Tropical Punch. 

Dropping in the U.S. WEDS 1.04 @ 1PM ET only on https://t.co/OKamM7Z7gQ for ages 18+. https://t.co/NDja00uCTS",1610335228899336192,PrimeHydrate,1478477395325816874,DrinkPrime,False,704,648,21991,104,1610335228899336192,en,,,,,,,,,,,,,2961142.0,,95,,everyone
https://twitter.com/PrimeHydrate/status/1609557669974507520,2023-01-01 14:30:27+00:00,Happy New Year! https://t.co/I6AmK7lAYk,1609557669974507520,PrimeHydrate,1478477395325816874,DrinkPrime,False,77,87,5754,4,1609557669974507520,en,,,,,,,,,,,,,455735.0,,4,,everyone
https://twitter.com/PrimeHydrate/status/1608950357522280449,2022-12-30 22:17:12+00:00,"Hold tight, PRIME is on the way!üëÄ",1608950357522280449,PrimeHydrate,1478477395325816874,DrinkPrime,False,80,44,1950,3,1608950357522280449,en,,,,https://twitter.com/KSI/status/1608941885447622656,,,,,,,,,275987.0,,1,,everyone
https://twitter.com/PrimeHydrate/status/1608826608642830336,2022-12-30 14:05:28+00:00,"Someone - What‚Äôs your favourite drink?

Me - https://t.co/hUZRdiNorl",1608826608642830336,PrimeHydrate,1478477395325816874,DrinkPrime,False,119,78,3853,15,1608826608642830336,en,,,,,,,,,,,,,278791.0,,10,,everyone
https://twitter.com/PrimeHydrate/status/1608097548954177541,2022-12-28 13:48:27+00:00,Like this tweet if you got PRIME for Christmasüòè,1608097548954177541,PrimeHydrate,1478477395325816874,DrinkPrime,False,198,49,2828,12,1608097548954177541,en,,,,,,,,,,,,,302894.0,,2,,everyone
https://twitter.com/PrimeHydrate/status/1607034088111706115,2022-12-25 15:22:38+00:00,Merry Christmas everyone!üéÑ,1607034088111706115,PrimeHydrate,1478477395325816874,DrinkPrime,False,61,55,2334,3,1607034088111706115,en,,,,,,,,,,,,,202540.0,,1,,everyone
https://twitter.com/PrimeHydrate/status/1606672890555834369,2022-12-24 15:27:22+00:00,Approved by @wizkhalifa‚úÖ,1606672890555834369,PrimeHydrate,1478477395325816874,DrinkPrime,False,25,24,974,2,1606672890555834369,en,,,,https://twitter.com/impaulsive/status/1606419089597104128,,,"[User(username='wizkhalifa', id=20322929, displayname='Wiz Khalifa', rawDescription=None, renderedDescription=None, descriptionLinks=None, verified=None, created=None, followersCount=None, friendsCount=None, statusesCount=None, favouritesCount=None, listedCount=None, mediaCount=None, location=None, protected=None, link=None, profileImageUrl=None, profileBannerUrl=None, label=None, blue=None, blueType=None, profileImageShape=None)]",,,,,,192328.0,,8,,everyone
https://twitter.com/PrimeHydrate/status/1605941420677681152,2022-12-22 15:00:46+00:00,Caption this pictureüëá https://t.co/inWoK1fiIa,1605941420677681152,PrimeHydrate,1478477395325816874,DrinkPrime,False,1712,195,18391,104,1605941420677681152,en,,,,,,,,,,,,,1994628.0,,20,,everyone
https://twitter.com/PrimeHydrate/status/1604503863964622849,2022-12-18 15:48:26+00:00,Messi in his PRIMEüî•,1604503863964622849,PrimeHydrate,1478477395325816874,DrinkPrime,False,42,46,1923,1,1604503863964622849,fr,,,,https://twitter.com/LoganPaul/status/1604502450287054848,,,,,,,,,169474.0,,5,,everyone
https://twitter.com/PrimeHydrate/status/1604115522878070784,2022-12-17 14:05:18+00:00,POV: That moment when you realise how delicious PRIME actually isü§§ https://t.co/HYNf09fJJ1,1604115522878070784,PrimeHydrate,1478477395325816874,DrinkPrime,False,181,62,4192,13,1604115522878070784,en,,,,,,,,,,,,,285542.0,,2,,everyone
https://twitter.com/PrimeHydrate/status/1603390672224018437,2022-12-15 14:05:00+00:00,The bestü§©,1603390672224018437,PrimeHydrate,1478477395325816874,DrinkPrime,False,16,8,597,2,1603390672224018437,en,,,,https://twitter.com/Matt_Pinner/status/1603055427234701312,,,,,,,,,,,0,,everyone
https://twitter.com/PrimeHydrate/status/1602309063769030656,2022-12-12 14:27:04+00:00,Meta Moon got me feeling like.. https://t.co/PO2xjuZuCG,1602309063769030656,PrimeHydrate,1478477395325816874,DrinkPrime,False,99,81,5515,2,1602309063769030656,en,,,,,,,,,,,,,,,3,,everyone
https://twitter.com/PrimeHydrate/status/1600851300802998272,2022-12-08 13:54:27+00:00,Enjoy!üòä,1600851300802998272,PrimeHydrate,1478477395325816874,DrinkPrime,False,15,9,623,0,1600851300802998272,en,,,,https://twitter.com/haribo2488/status/1600765596056043520,,,,,,,,,,,4,,everyone
https://twitter.com/PrimeHydrate/status/1599385857940606976,2022-12-04 12:51:18+00:00,Thank you!ü§ù,1599385857940606976,PrimeHydrate,1478477395325816874,DrinkPrime,False,13,6,635,0,1599385857940606976,en,,,,https://twitter.com/Santandave1/status/1599357502147088384,,,,,,,,,,,0,,everyone
https://twitter.com/PrimeHydrate/status/1599073918316212224,2022-12-03 16:11:46+00:00,"We would like to mention that we have no part in the increase of prices in the UK at @asda stores. 

In the UK, discussing retail pricing with the retailer is illegal.

It is @asda‚Äôs choice to up the price during high demand, not ours.",1599073918316212224,PrimeHydrate,1478477395325816874,DrinkPrime,False,83,114,7391,13,1599073918316212224,en,,,,,,,"[User(username='asda', id=20123366, displayname='Asda', rawDescription=None, renderedDescription=None, descriptionLinks=None, verified=None, created=None, followersCount=None, friendsCount=None, statusesCount=None, favouritesCount=None, listedCount=None, mediaCount=None, location=None, protected=None, link=None, profileImageUrl=None, profileBannerUrl=None, label=None, blue=None, blueType=None, profileImageShape=None), User(username='asda', id=20123366, displayname='Asda', rawDescription=None, renderedDescription=None, descriptionLinks=None, verified=None, created=None, followersCount=None, friendsCount=None, statusesCount=None, favouritesCount=None, listedCount=None, mediaCount=None, location=None, protected=None, link=None, profileImageUrl=None, profileBannerUrl=None, label=None, blue=None, blueType=None, profileImageShape=None)]",,,,,,,,21,,everyone
https://twitter.com/PrimeHydrate/status/1598678368626610178,2022-12-02 13:59:59+00:00,Not surprisedüòè,1598678368626610178,PrimeHydrate,1478477395325816874,DrinkPrime,False,7,8,664,0,1598678368626610178,en,,,,https://twitter.com/impaulsive/status/1598416761447235584,,,,,,,,,,,0,,everyone
https://twitter.com/PrimeHydrate/status/1598340261553360900,2022-12-01 15:36:28+00:00,PRIME + World Cup = ü§§üëÄ,1598340261553360900,PrimeHydrate,1478477395325816874,DrinkPrime,False,31,24,1267,5,1598340261553360900,en,,,,,,,,,,,,,,,1,,everyone
